{
	"web":{
		"client_id":"548267792426-7ooh9dcavn8p2bfs0g81r4mgktj04573.apps.googleusercontent.com",
		"project_id":"josh-briand",
		"auth_uri":"https://accounts.google.com/o/oauth2/auth",
		"token_uri":"https://accounts.google.com/o/oauth2/token",
		"auth_provider_x509_cert_url":"https://www.googleapis.com/oauth2/v1/certs",
		"client_secret":"0fnQuB_CIIvAzQBSPGcFhjFW",
		"redirect_uris":["https://www.example.com/oauth2callback"],
		"javascript_origins":["http://localhost:8000","http://localhost:5000"]
	}
}
